Workbook

Sheet Overview
A1: DecVAE baseline experiments: planner
A2: One row per method and dataset on the Runs sheet. Counts below update from the Status column there.
A4: Run status
A5: Status | B5: Runs
A6: Not started | B6: =COUNTIF(Runs!J:J,"Not started") -> 15
A7: Queued | B7: =COUNTIF(Runs!J:J,"Queued") -> 0
A8: Running | B8: =COUNTIF(Runs!J:J,"Running") -> 0
A9: Done | B9: =COUNTIF(Runs!J:J,"Done") -> 1
A10: Failed | B10: =COUNTIF(Runs!J:J,"Failed") -> 0
A11: Optional | B11: =COUNTIF(Runs!J:J,"Optional") -> 7
A12: Dropped | B12: =COUNTIF(Runs!J:J,"Dropped") -> 0
A13: Total runs | B13: =COUNTA(Runs!A:A)-2 -> 24
A15: Effort
A16: Runs needing pre-training | B16: =COUNTIF(Runs!H:H,"Yes") -> 14
A17: Runs with no GPU cost | B17: =COUNTIF(Runs!H:H,"No") -> 9
A18: Estimated GPU hours (total) | B18: =SUM(Runs!I:I) -> 12
A19: Estimated GPU hours remaining | B19: =SUMIFS(Runs!I:I,Runs!J:J,"<>Done") -> 0
A20: Evaluations completed | B20: =COUNTIF(Runs!P:P,"Yes") -> 1
A22: Legend
A23: Yellow cells are the ones to fill in: Est. GPU h, Started, Finished, Checkpoint and W&B on the Runs sheet; the baseline column on Protocol; every metric on Results. Days is a formula and fills itself once both dates are entered. Status and Eval done are dropdowns. Estimated GPU hours are deliberately left blank rather than guessed, except for the inference-only rows where the true cost is zero.
A28: Sequencing
A29: Ranks 1 and 2 (wav2vec2, SFA) need no GPU and can proceed immediately alongside everything else. Among the GPU jobs run CoST first: it is the most direct competitor to the central claim, so an adverse result is worth discovering early. Ranks 1 to 7 are the defensible minimum and close every baseline request made by name. Ranks 8 and 9 strengthen the paper beyond compliance.

Sheet Runs
A1: Baseline runs: one row per method and dataset
A2: Yellow cells are for you to fill in. Ranks follow the agreed priority order. Delete the EXAMPLE row.
A3: Run ID | B3: Rank | C3: Method | D3: Family | E3: Dataset | F3: Branches | G3: Latent dim | H3: Pre-train | I3: Est. GPU h | J3: Status | K3: Started | L3: Finished | M3: Days | N3: Checkpoint | O3: W&B run | P3: Eval done | Q3: Notes
A4: EXAMPLE | B4: 0 | C4: (delete this row) | D4: - | E4: TIMIT | F4: Z + S | G4: 64 | H4: Yes | I4: 12 | J4: Done | K4: 2026-09-15 | L4: 2026-09-16 | M4: =IF(AND(K4<>"",L4<>""),L4-K4,"") -> 1 | N4: ckpt/example | O4: wandb/abc123 | P4: Yes | Q4: Shows the expected format
A5: W2V-SIM | B5: 1 | C5: wav2vec2 (frozen) | D5: Speech SSL | E5: SimVowels | F5: Z | G5: 64 | H5: No | I5: 0 | J5: Not started | M5: =IF(AND(K5<>"",L5<>""),L5-K5,"") | P5: No | Q5: Inference only. Same encoder family as DecVAE
A6: W2V-TIM | B6: 1 | C6: wav2vec2 (frozen) | D6: Speech SSL | E6: TIMIT | F6: Z | G6: 64 | H6: No | I6: 0 | J6: Not started | M6: =IF(AND(K6<>"",L6<>""),L6-K6,"") | P6: No | Q6: Inference only
A7: W2V-IEM | B7: 1 | C7: wav2vec2 (frozen) | D7: Speech SSL | E7: IEMOCAP | F7: Z + S | G7: 64 | H7: No | I7: 0 | J7: Not started | M7: =IF(AND(K7<>"",L7<>""),L7-K7,"") | P7: No | Q7: Inference only
A8: WLM-SIM | B8: 1 | C8: WavLM (frozen) | D8: Speech SSL | E8: SimVowels | F8: Z | G8: 64 | H8: No | I8: 0 | J8: Optional | M8: =IF(AND(K8<>"",L8<>""),L8-K8,"") | P8: No | Q8: Optional modern alternative to wav2vec2, same zero cost
A9: WLM-TIM | B9: 1 | C9: WavLM (frozen) | D9: Speech SSL | E9: TIMIT | F9: Z | G9: 64 | H9: No | I9: 0 | J9: Optional | M9: =IF(AND(K9<>"",L9<>""),L9-K9,"") | P9: No | Q9: Optional
A10: WLM-IEM | B10: 1 | C10: WavLM (frozen) | D10: Speech SSL | E10: IEMOCAP | F10: Z + S | G10: 64 | H10: No | I10: 0 | J10: Optional | M10: =IF(AND(K10<>"",L10<>""),L10-K10,"") | P10: No | Q10: Optional
A11: SFA-SIM | B11: 2 | C11: SFA | D11: Slowness | E11: SimVowels | F11: Z + S | G11: 48 | H11: No | I11: 0 | J11: Not started | M11: =IF(AND(K11<>"",L11<>""),L11-K11,"") | P11: No | Q11: sklearn-sfa. Run at 20 comps (to match PCA/ICA) and at z_dim
A12: SFA-TIM | B12: 2 | C12: SFA | D12: Slowness | E12: TIMIT | F12: Z + S | G12: 64 | H12: No | I12: 0 | J12: Not started | M12: =IF(AND(K12<>"",L12<>""),L12-K12,"") | P12: No | Q12: Needs ordered contiguous frames. Use context stacking or quadratic expansion
A13: SFA-IEM | B13: 2 | C13: SFA | D13: Slowness | E13: IEMOCAP | F13: Z + S | G13: 64 | H13: No | I13: 0 | J13: Not started | M13: =IF(AND(K13<>"",L13<>""),L13-K13,"") | P13: No
A14: COST-SIM | B14: 3 | C14: CoST | D14: Decomposition | E14: SimVowels | F14: Z | G14: 48 | H14: Yes | J14: Not started | M14: =IF(AND(K14<>"",L14<>""),L14-K14,"") | P14: No | Q14: RUN THIS FIRST of the GPU jobs: most dangerous comparison
A15: COST-TIM | B15: 3 | C15: CoST | D15: Decomposition | E15: TIMIT | F15: Z | G15: 64 | H15: Yes | J15: Not started | M15: =IF(AND(K15<>"",L15<>""),L15-K15,"") | P15: No | Q15: Apply at utterance level over Mel frames, closer to its intended use
A16: TCL-SIM | B16: 4 | C16: TCL | D16: Time-contrastive | E16: SimVowels | F16: Z | G16: 48 | H16: Yes | J16: Not started | M16: =IF(AND(K16<>"",L16<>""),L16-K16,"") | P16: No | Q16: Segment-index pretext. Decide segment definition (uniform time bins within utterance)
A17: TCL-TIM | B17: 4 | C17: TCL | D17: Time-contrastive | E17: TIMIT | F17: Z | G17: 64 | H17: Yes | J17: Not started | M17: =IF(AND(K17<>"",L17<>""),L17-K17,"") | P17: No | Q17: Small MLP; cheapest neural baseline
A18: FHV-SIM | B18: 5 | C18: FHVAE | D18: Sequential VAE | E18: SimVowels | F18: Z + S | G18: 48 | H18: Yes | J18: Not started | M18: =IF(AND(K18<>"",L18<>""),L18-K18,"") | P18: No | Q18: Two-timescale, directly comparable to the S/Z branches
A19: FHV-TIM | B19: 5 | C19: FHVAE | D19: Sequential VAE | E19: TIMIT | F19: Z + S | G19: 64 | H19: Yes | J19: Not started | M19: =IF(AND(K19<>"",L19<>""),L19-K19,"") | P19: No | Q19: Originally evaluated on TIMIT: zero protocol invention
A20: CPC-TIM | B20: 6 | C20: CPC | D20: Sequential SSL | E20: TIMIT | F20: Z | G20: 64 | H20: Yes | J20: Not started | M20: =IF(AND(K20<>"",L20<>""),L20-K20,"") | P20: No | Q20: Named explicitly by R5. TIMIT only, coverage tier
A21: CF-IEM-1 | B21: 7 | C21: (carry-forward #1, TBD) | D21: TBD | E21: IEMOCAP | F21: Z + S | G21: 64 | H21: Yes | J21: Not started | M21: =IF(AND(K21<>"",L21<>""),L21-K21,"") | P21: No | Q21: Best of CoST / TCL / FHVAE. Fine-tuning protocol as for DecVAE
A22: CF-IEM-2 | B22: 7 | C22: (carry-forward #2, TBD) | D22: TBD | E22: IEMOCAP | F22: Z + S | G22: 64 | H22: Yes | J22: Not started | M22: =IF(AND(K22<>"",L22<>""),L22-K22,"") | P22: No | Q22: Second best. Hardest case for the frequency prior
A23: TFC-SIM | B23: 8 | C23: TF-C | D23: Time-frequency SSL | E23: SimVowels | F23: Z | G23: 48 | H23: Yes | J23: Optional | M23: =IF(AND(K23<>"",L23<>""),L23-K23,"") | P23: No | Q23: Sharpest test: one frequency view vs C orthogonal components
A24: TFC-TIM | B24: 8 | C24: TF-C | D24: Time-frequency SSL | E24: TIMIT | F24: Z | G24: 64 | H24: Yes | J24: Optional | M24: =IF(AND(K24<>"",L24<>""),L24-K24,"") | P24: No | Q24: Public code organised around pre-train then transfer
A25: SLV-SIM | B25: 9 | C25: SlowVAE | D25: Slowness / temporal sparsity | E25: SimVowels | F25: Z | G25: 48 | H25: Yes | J25: Optional | M25: =IF(AND(K25<>"",L25<>""),L25-K25,"") | P25: No | Q25: SimVowels first: identifiability claim needs ground-truth factors
A26: SLV-TIM | B26: 9 | C26: SlowVAE | D26: Slowness / temporal sparsity | E26: TIMIT | F26: Z | G26: 64 | H26: Yes | J26: Optional | M26: =IF(AND(K26<>"",L26<>""),L26-K26,"") | P26: No | Q26: Only if budget allows

Sheet Methods
A1: Method reference table
A2: Status column: Benchmark, Optional, Dropped, or Cite and distinguish. Filter on it to see the benchmark set.
A3: Method | B3: Family | C3: Source | D3: Code | E3: Unsupervised | F3: Emits embedding | G3: Requested by | H3: Decision | I3: Adaptation needed | J3: Notes and risks
A4: CoST | B4: Decomposition-based representation learning | C4: Woo et al., ICLR 2022 | D4: arxiv.org/abs/2202.01575 | E4: Yes | F4: Yes | G4: R3 #1, R5 #2 | H4: Benchmark | I4: Apply at utterance level over Mel frames; match z_dim | J4: Built for forecasting; seasonal/trend split may be degenerate on 25 ms frames
A5: TCL | B5: Time-contrastive learning / nonlinear ICA | C5: Hyvarinen & Morioka, NeurIPS 2016 | D5: - | E5: Yes | F5: Yes | G5: R1 #5, R3 #1 | H5: Benchmark | I5: MLP on Mel frames, segment index as pretext label | J5: Segment definition matters; use uniform time bins within utterance
A6: FHVAE | B6: Disentangled sequential VAE | C6: Hsu, Zhang & Glass, NeurIPS 2017 (ref [16]) | D6: - | E6: Yes | F6: Yes | G6: R1 #5, R5 #2 | H6: Benchmark | I6: None: originally evaluated on TIMIT with the same two-timescale structure | J6: Safest baseline. Already cited in the manuscript
A7: TF-C | B7: Self-supervised time-frequency consistency | C7: Zhang et al., NeurIPS 2022 | D7: github.com/mims-harvard/TFC-pretraining | E7: Yes | F7: Yes | G7: R5 #2 | H7: Benchmark (optional) | I7: Feed Mel frames; keep their pre-train/fine-tune split | J7: Its time-vs-frequency alignment is the single-view special case of L_recon
A8: CPC | B8: Contrastive predictive coding | C8: van den Oord et al., 2018 (ref [2]) | D8: - | E8: Yes | F8: Yes | G8: R5 #2 | H8: Benchmark | I8: Standard InfoNCE with autoregressive context on Mel frames | J8: Cited already, but currently mis-cited at main line 29; move it
A9: wav2vec2 | B9: Self-supervised speech representation | C9: Baevski et al., NeurIPS 2020 (ref [40]) | D9: HuggingFace checkpoint | E9: Yes | F9: Yes | G9: R5 #2 | H9: Benchmark | I9: Frozen; extract embeddings only | J9: Zero pre-training cost. DecVAE's encoder is already Wav2Vec2-based
A10: WavLM | B10: Self-supervised speech representation | C10: Chen et al., 2022 | D10: HuggingFace checkpoint | E10: Yes | F10: Yes | G10: R5 #2 (implied) | H10: Optional | I10: Frozen; extract embeddings only | J10: Same slot as wav2vec2, same zero cost; more current for speaker and emotion tasks
A11: SFA | B11: Slow feature analysis | C11: Wiskott & Sejnowski, Neural Computation 2002 | D11: github.com/wiskott-lab/sklearn-sfa | E11: Yes | F11: Yes | G11: R1 #5 | H11: Benchmark | I11: Whiten, then PCA on time derivatives, smallest eigenvalues | J11: Needs ordered contiguous frames. Use nonlinear expansion so it is not handicapped
A12: SlowVAE | B12: Temporal sparse coding, slowness prior | C12: Klindt et al., ICLR 2021 | D12: github.com/bethgelab/slow_disentanglement | E12: Yes | F12: Yes | G12: R1 #5 (recent reading) | H12: Benchmark (optional) | I12: Matched encoder and z_dim | J12: Answers the word 'recent' in R1's comment, which classical SFA does not
A13: DSVAE | B13: Disentangled sequential autoencoder | C13: Li & Mandt, ICML 2018 | D13: - | E13: Yes | F13: Yes | G13: R5 #2 | H13: Dropped | I13: Static/dynamic split would need adapting from video to speech | J13: Same reviewer slot as FHVAE, more protocol invention. First to cut
A14: BTSF | B14: Unsupervised temporal-spectral fusion | C14: Yang & Hong, ICML 2022 | D14: proceedings.mlr.press/v162/yang22e.html | E14: Yes | F14: Yes | G14: R5 #2 | H14: Dropped | I14: Instance-level embedding, drops into the eval pipeline | J14: Passes the filter but the comparison is less pointed than TF-C
... A18: SpeechSplit | B18: Unsupervised speech decomposition | C18: Qian et al., ICML 2020 | D18: github.com/auspicious3000/SpeechSplit | E18: Yes | F18: Yes | G18: - | H18: Cite (decision D4) | I18: Needs an F0 stream; bottleneck tuning is fragile | J18: Speech-native decomposition competitor. Contingency if TIMIT or IEMOCAP come out close

Sheet Protocol
A1: Matched protocol checklist
A2: Fill the baseline column as each method is set up. Any unmatched row must be disclosed in the response letter.
A3: Protocol dimension | B3: DecVAE value | C3: Baseline value | D3: Matched? | E3: Notes
A4: Input features | B4: Mel filterbank, 80 bands | E4: Supp. Table 5. Must be identical for every baseline
A5: Max / min duration | B5: 4 s (sim), 7.15 s (real) / 1 s | E5: Supp. Table 5
A6: Latent dimensionality | B6: 48 (sim), 64 (real) per subspace | E6: PCA/ICA use 20; run SFA at both to pre-empt the asymmetry question
A7: Aggregation | B7: Concatenation of original + component subspaces | E7: Not applicable to single-subspace baselines; note this
A8: Parameter budget | E8: Record encoder parameter counts so the letter can claim rough matching
A9: Optimizer | B9: Adam (b1 0.5, b2 0.999, eps 1e-6, wd 1e-4) | E9: Supp. Table 5
A10: Learning schedule | B10: Constant with warmup (Z), linear (S) | E10: Peak 8e-5 (Z), 1e-4 (S)
A11: Early stopping | B11: delta 0.2%, patience 5, warmup 100 epochs | E11: Supp. Table 5
A12: Downstream classifiers | B12: LogReg, Random Forest, SVM | E12: Deliberately simple, to expose representation quality
A13: Cross-validation | B13: 5-fold outer, 3-fold inner, 5 seeds | E13: LOSO on IEMOCAP with 10 seeds
A14: Disentanglement metrics | B14: MI, GCN, DCI (D/C/I), Modularity, Explicitness, IRS | E14: All take (embedding, factor label) arrays: no code changes needed
A15: Confidence intervals | B15: 95% over folds and seeds
A16: Frame ordering | B16: Random masking of l_SSL% of frames | E16: SFA REQUIRES ordered contiguous frames: check the collator path

Sheet Results
A1: Results grid, to fill as runs complete
A2: Task A/B/C by dataset. SimVowels: vowel, speaker. TIMIT: phoneme, speaker. IEMOCAP: emotion, speaker, phoneme.
A3: Method | B3: Dataset | C3: MI | D3: GCN | E3: DCI-D | F3: DCI-C | G3: DCI-I | H3: Modularity | I3: Explicitness | J3: IRS | K3: Task A | L3: Task B | M3: Task C | N3: Notes
A4: DecVAE (best variant) | B4: SimVowels | N4: Existing result: copy from Supp. Tables
A5: DecVAE (best variant) | B5: TIMIT | N5: Existing result: copy from Supp. Tables
A6: DecVAE (best variant) | B6: IEMOCAP | N6: Existing result: copy from Supp. Tables
A7: DecAE (beta = 0) | B7: SimVowels | N7: Existing result: copy from Supp. Tables
A8: beta-VAE | B8: SimVowels | N8: Existing result: copy from Supp. Tables
A9: beta-VAE | B9: TIMIT | N9: Existing result: copy from Supp. Tables
A10: beta-VAE | B10: IEMOCAP | N10: Existing result: copy from Supp. Tables
A11: PCA | B11: SimVowels | N11: Existing result: copy from Supp. Tables
A12: ICA | B12: SimVowels | N12: Existing result: copy from Supp. Tables
A13: wav2vec2 (frozen) | B13: SimVowels | N13: New
A14: wav2vec2 (frozen) | B14: TIMIT | N14: New
A15: wav2vec2 (frozen) | B15: IEMOCAP | N15: New
... A30: (carry-forward #2) | B30: IEMOCAP | N30: New
